time,callsign,latitude,longitude,tas,heading,altitude
2016-08-15 17:00:00,A5,37.620509999999996,-122.38223,14,135,0.06
2016-08-15 17:00:01,A5,37.62048,-122.38216000000001,14,135,0.06
2016-08-15 17:00:02,A5,37.62044,-122.38208999999999,15,142,0.06
2016-08-15 17:00:03,A5,37.62041,-122.38201000000001,16,132,0.06
2016-08-15 17:00:04,A5,37.62037,-122.38193000000001,17,139,0.06
2016-08-15 17:00:05,A5,37.62032,-122.38181000000002,17,134,0.06
2016-08-15 17:00:06,A5,37.620290000000004,-122.38172,17,129,0.06
2016-08-15 17:00:07,A5,37.620259999999995,-122.38167,19,144,0.06
2016-08-15 17:00:08,A5,37.62025,-122.38157,17,114,0.06
2016-08-15 17:00:09,A5,37.62018,-122.38148999999999,18,154,0.06
2016-08-15 17:00:10,A5,37.62015,-122.3814,19,129,0.06
2016-08-15 17:00:11,A5,37.6201,-122.38131000000001,19,142,0.06
2016-08-15 17:00:12,A5,37.62007,-122.3812,18,126,0.06
2016-08-15 17:00:13,A5,37.62004,-122.38112,19,132,0.06
2016-08-15 17:00:14,A5,37.62,-122.38103000000001,18,136,0.06
2016-08-15 17:00:15,A5,37.61996,-122.38094,17,136,0.06
2016-08-15 17:00:16,A5,37.61992,-122.38086000000001,17,139,0.06
2016-08-15 17:00:17,A5,37.61989000000001,-122.38077,17,129,0.06
2016-08-15 17:00:18,A5,37.61985,-122.38068999999999,17,139,0.06
2016-08-15 17:00:19,A5,37.61981,-122.38061,16,139,0.06
2016-08-15 17:00:20,A5,37.61978,-122.38053000000001,16,132,0.06
2016-08-15 17:00:21,A5,37.61975,-122.38046000000001,15,135,0.06
2016-08-15 17:00:22,A5,37.61972,-122.38038,15,132,0.06
2016-08-15 17:00:23,A5,37.61969000000001,-122.38031000000001,15,135,0.06
2016-08-15 17:00:24,A5,37.61967,-122.38023000000001,15,124,0.06
2016-08-15 17:00:25,A5,37.61963,-122.38016,15,142,0.06
2016-08-15 17:00:26,A5,37.6196,-122.3801,15,139,0.06
2016-08-15 17:00:27,A5,37.61956,-122.38003,15,142,0.06
2016-08-15 17:00:28,A5,37.61952,-122.37996000000001,16,142,0.06
2016-08-15 17:00:29,A5,37.619479999999996,-122.37988,16,139,0.06
2016-08-15 17:00:30,A5,37.61943,-122.37981,15,149,0.06
2016-08-15 17:00:31,A5,37.61939,-122.37975,15,147,0.06
2016-08-15 17:00:32,A5,37.61935,-122.3797,14,152,0.06
2016-08-15 17:00:33,A5,37.61931,-122.37963,14,142,0.06
2016-08-15 17:00:34,A5,37.61926,-122.37958,14,158,0.06
2016-08-15 17:00:35,A5,37.619209999999995,-122.37953999999999,14,164,0.06
2016-08-15 17:00:36,A5,37.619170000000004,-122.37948,14,147,0.06
2016-08-15 17:00:37,A5,37.61912,-122.37943,14,158,0.06
2016-08-15 17:00:38,A5,37.61908,-122.37937,14,147,0.06
2016-08-15 17:00:39,A5,37.61903,-122.37931,15,153,0.06
2016-08-15 17:00:41,A5,37.61892,-122.37921000000001,15,161,0.06
2016-08-15 17:00:42,A5,37.61886,-122.37917,15,169,0.06
2016-08-15 17:00:43,A5,37.618809999999996,-122.37913,16,164,0.06
2016-08-15 17:00:44,A5,37.61874,-122.3791,15,178,0.06
2016-08-15 17:00:45,A5,37.61867,-122.37906000000001,16,172,0.06
2016-08-15 17:00:46,A5,37.61862,-122.37902,16,164,0.06
2016-08-15 17:00:47,A5,37.618559999999995,-122.37896,15,158,0.06
2016-08-15 17:00:49,A5,37.61844,-122.37888999999998,14,172,0.06
2016-08-15 17:00:50,A5,37.61839000000001,-122.37885,15,164,0.06
2016-08-15 17:00:51,A5,37.61834,-122.37881000000002,14,164,0.06
2016-08-15 17:00:52,A5,37.61827,-122.37878,15,178,0.06
2016-08-15 17:00:53,A5,37.61821,-122.37875,15,175,0.06
2016-08-15 17:00:54,A5,37.61812000000001,-122.37876000000001,14,202,0.06
2016-08-15 17:00:55,A5,37.61807,-122.37873,14,171,0.06
2016-08-15 17:00:56,A5,37.61802,-122.37872,13,188,0.06
2016-08-15 17:00:57,A5,37.61796,-122.3787,12,182,0.06
2016-08-15 17:00:58,A5,37.617909999999995,-122.37868999999999,12,188,0.13
2016-08-15 17:01:00,A5,37.61781,-122.37868,12,192,0.13
2016-08-15 17:01:01,A5,37.61774000000001,-122.37868999999999,11,203,0.13
2016-08-15 17:01:02,A5,37.61769,-122.37868,11,188,0.13
2016-08-15 17:01:03,A5,37.61764,-122.37868999999999,11,206,0.13
2016-08-15 17:01:04,A5,37.61759,-122.3787,11,206,0.13
2016-08-15 17:01:06,A5,37.61755,-122.37878,12,254,0.13
2016-08-15 17:01:07,A5,37.61748,-122.37881000000002,11,215,0.13
2016-08-15 17:01:08,A5,37.61744,-122.37886,9,241,0.13
2016-08-15 17:01:09,A5,37.61743,-122.37886999999999,10,235,0.13
2016-08-15 17:01:10,A5,37.61741,-122.3789,7,246,0.13
2016-08-15 17:01:11,A5,37.61738,-122.37893999999999,7,243,0.13
2016-08-15 17:01:12,A5,37.61736,-122.37896,8,235,0.13
2016-08-15 17:01:13,A5,37.61734000000001,-122.37898999999999,8,246,0.13
2016-08-15 17:01:14,A5,37.617309999999996,-122.37903,8,243,0.13
2016-08-15 17:01:15,A5,37.61728,-122.37906000000001,9,235,0.13
2016-08-15 17:01:16,A5,37.61725,-122.3791,10,243,0.13
2016-08-15 17:01:17,A5,37.61721,-122.37913999999999,10,235,0.13
2016-08-15 17:01:18,A5,37.61718,-122.37918,10,243,0.13
2016-08-15 17:01:19,A5,37.61715,-122.37921999999999,10,243,0.13
2016-08-15 17:01:20,A5,37.61712,-122.37926000000002,9,243,0.13
2016-08-15 17:01:21,A5,37.6171,-122.37929,8,246,0.13
2016-08-15 17:01:22,A5,37.61707,-122.37931,6,224,0.13
2016-08-15 17:01:23,A5,37.617059999999995,-122.37933000000001,6,254,0.13
2016-08-15 17:01:24,A5,37.61704,-122.37933999999998,7,218,0.13
2016-08-15 17:01:25,A5,37.617020000000004,-122.37938,6,254,0.13
2016-08-15 17:01:26,A5,37.61701,-122.37942,7,269,0.13
2016-08-15 17:01:29,A5,37.61705,-122.37952,7,313,0.13
2016-08-15 17:01:30,A5,37.61703,-122.37957,8,260,0.13
2016-08-15 17:01:32,A5,37.61701,-122.37959,8,235,0.13
2016-08-15 17:01:33,A5,37.617020000000004,-122.37964,7,301,0.13
2016-08-15 17:01:34,A5,37.617020000000004,-122.37968000000001,6,287,0.13
2016-08-15 17:01:35,A5,37.617020000000004,-122.37971,6,287,0.13
2016-08-15 17:01:36,A5,37.61703,-122.37973000000001,5,319,0.13
2016-08-15 17:01:37,A5,37.61704,-122.37976,5,309,0.13
2016-08-15 17:01:38,A5,37.61704,-122.37976,5,309,0.13
2016-08-15 17:01:39,A5,37.61705,-122.37978000000001,6,319,0.13
2016-08-15 17:01:40,A5,37.61707,-122.37983,5,313,0.13
2016-08-15 17:01:41,A5,37.61708,-122.37987,5,304,0.13
2016-08-15 17:01:42,A5,37.61709000000001,-122.37988,5,338,0.13
2016-08-15 17:01:43,A5,37.61709000000001,-122.3799,4,287,0.13
2016-08-15 17:01:44,A5,37.61711,-122.37991000000001,4,355,0.13
2016-08-15 17:01:45,A5,37.61712,-122.37993,5,319,0.13
2016-08-15 17:01:46,A5,37.617129999999996,-122.37997,6,304,0.13
2016-08-15 17:01:48,A5,37.61711,-122.38002,6,260,0.13
2016-08-15 17:01:50,A5,37.61709000000001,-122.38011999999999,5,272,0.13
2016-08-15 17:01:52,A5,37.61708,-122.38015,4,264,0.13
2016-08-15 17:01:53,A5,37.61707,-122.38016,4,235,0.13
2016-08-15 17:01:54,A5,37.61707,-122.38018000000001,3,287,0.13
2016-08-15 17:01:56,A5,37.61705,-122.38023000000001,5,260,0.13
2016-08-15 17:01:59,A5,37.61705,-122.38025,4,287,0.13
2016-08-15 17:00:04,A7,37.61551,-122.38121000000001,0,158,0.06
2016-08-15 17:00:05,A7,37.61551,-122.38117,5,107,0.06
2016-08-15 17:00:06,A7,37.61549,-122.38113999999999,6,147,0.06
2016-08-15 17:00:07,A7,37.61548,-122.38111,7,129,0.06
2016-08-15 17:00:08,A7,37.61547,-122.38108000000001,7,129,0.06
2016-08-15 17:00:09,A7,37.61545,-122.38103999999998,8,139,0.06
2016-08-15 17:00:10,A7,37.61542,-122.38101,8,158,0.06
2016-08-15 17:00:11,A7,37.6154,-122.38096000000002,8,133,0.06
2016-08-15 17:00:13,A7,37.61534,-122.38091000000001,9,163,0.06
2016-08-15 17:00:14,A7,37.61531,-122.38088,9,158,0.06
2016-08-15 17:00:15,A7,37.61528,-122.38083999999999,9,150,0.06
2016-08-15 17:00:16,A7,37.61524,-122.38082,9,175,0.06
2016-08-15 17:00:17,A7,37.61521,-122.38081000000001,9,182,0.06
2016-08-15 17:00:18,A7,37.61517,-122.3808,10,185,0.06
2016-08-15 17:00:19,A7,37.61513,-122.38076000000001,13,158,0.06
2016-08-15 17:00:20,A7,37.61505,-122.38078999999999,13,213,0.06
2016-08-15 17:00:21,A7,37.61497,-122.38078,13,191,0.06
2016-08-15 17:00:22,A7,37.61493,-122.38078,13,197,0.06
2016-08-15 17:00:23,A7,37.614909999999995,-122.38077,13,175,0.06
2016-08-15 17:00:24,A7,37.61487,-122.38082,11,241,0.06
2016-08-15 17:00:25,A7,37.61482,-122.38089,12,244,0.06
2016-08-15 17:00:26,A7,37.61477,-122.38088,12,188,0.06
2016-08-15 17:00:27,A7,37.61472,-122.3809,13,214,0.06
2016-08-15 17:00:28,A7,37.614670000000004,-122.38091999999999,12,214,0.06
2016-08-15 17:00:29,A7,37.61461,-122.38096000000002,12,224,0.06
2016-08-15 17:00:30,A7,37.61458,-122.381,12,243,0.06
2016-08-15 17:00:31,A7,37.61453,-122.38103999999998,13,229,0.06
2016-08-15 17:00:32,A7,37.61448,-122.38106,12,214,0.06
2016-08-15 17:00:33,A7,37.61441,-122.38108000000001,12,209,0.06
2016-08-15 17:00:34,A7,37.61437,-122.38112,12,235,0.06
2016-08-15 17:00:35,A7,37.614329999999995,-122.38116000000001,11,235,0.06
2016-08-15 17:00:36,A7,37.6143,-122.3812,11,243,0.06
2016-08-15 17:00:37,A7,37.614259999999994,-122.38123,11,227,0.06
2016-08-15 17:00:38,A7,37.61421,-122.38126000000001,11,222,0.06
2016-08-15 17:00:39,A7,37.61417,-122.3813,11,235,0.06
2016-08-15 17:00:41,A7,37.61408,-122.38134,11,216,0.06
2016-08-15 17:00:42,A7,37.61403,-122.38136999999999,11,222,0.06
2016-08-15 17:00:43,A7,37.61399,-122.3814,11,227,0.06
2016-08-15 17:00:44,A7,37.61395,-122.38141999999999,11,218,0.06
2016-08-15 17:00:45,A7,37.6139,-122.38147,11,235,0.06
2016-08-15 17:00:46,A7,37.613859999999995,-122.38148999999999,11,218,0.06
2016-08-15 17:00:47,A7,37.61381,-122.38151,13,214,0.06
2016-08-15 17:00:49,A7,37.6137,-122.38155,13,213,0.06
2016-08-15 17:00:50,A7,37.613640000000004,-122.38157,14,211,0.06
2016-08-15 17:00:51,A7,37.61359,-122.38163,14,240,0.06
2016-08-15 17:00:52,A7,37.61352,-122.38167,15,221,0.06
2016-08-15 17:00:53,A7,37.61347,-122.3817,17,222,0.06
2016-08-15 17:00:54,A7,37.613409999999995,-122.38176999999999,16,239,0.06
2016-08-15 17:00:55,A7,37.61335,-122.38183000000001,15,235,0.06
2016-08-15 17:00:56,A7,37.6133,-122.38186999999999,17,229,0.06
2016-08-15 17:00:57,A7,37.61324000000001,-122.38192,17,230,0.06
2016-08-15 17:00:58,A7,37.613170000000004,-122.38196,17,221,0.06
2016-08-15 17:01:00,A7,37.61303,-122.38203999999999,17,221,0.06
2016-08-15 17:01:01,A7,37.61295,-122.38208,17,218,0.06
2016-08-15 17:01:02,A7,37.61288,-122.3821,17,209,0.06
2016-08-15 17:01:03,A7,37.612809999999996,-122.38213,16,215,0.06
2016-08-15 17:01:04,A7,37.61275,-122.38218,16,230,0.06
2016-08-15 17:01:06,A7,37.612629999999996,-122.38228000000001,16,230,0.06
2016-08-15 17:01:07,A7,37.61257,-122.38231999999999,16,224,0.06
2016-08-15 17:01:08,A7,37.6125,-122.38235,16,215,0.06
2016-08-15 17:01:09,A7,37.61244,-122.3824,17,230,0.06
2016-08-15 17:01:10,A7,37.61238,-122.38246000000001,17,235,0.06
2016-08-15 17:01:11,A7,37.61231,-122.38251000000001,18,226,0.06
2016-08-15 17:01:12,A7,37.61223,-122.38256000000001,19,223,0.06
2016-08-15 17:01:13,A7,37.612159999999996,-122.38261000000001,19,226,0.06
2016-08-15 17:01:14,A7,37.61208,-122.38266000000002,19,223,0.06
2016-08-15 17:01:15,A7,37.61201,-122.38271,19,226,0.06
2016-08-15 17:01:16,A7,37.611940000000004,-122.38276,19,226,0.06
2016-08-15 17:01:17,A7,37.61186,-122.38281,19,223,0.06
2016-08-15 17:01:18,A7,37.61179,-122.38286000000001,19,226,0.06
2016-08-15 17:01:19,A7,37.611709999999995,-122.38291000000001,19,223,0.06
2016-08-15 17:01:20,A7,37.61165,-122.38296000000001,19,230,0.06
2016-08-15 17:01:21,A7,37.61157,-122.38301000000001,19,223,0.06
2016-08-15 17:01:22,A7,37.6115,-122.38306000000001,19,226,0.06
2016-08-15 17:01:23,A7,37.61143,-122.38311000000002,19,226,0.06
2016-08-15 17:01:24,A7,37.61134000000001,-122.38316999999999,20,224,0.06
2016-08-15 17:01:25,A7,37.611259999999994,-122.38321,21,218,0.06
2016-08-15 17:01:26,A7,37.61117,-122.38327,21,224,0.06
2016-08-15 17:01:28,A7,37.61101,-122.38337,19,223,0.06
2016-08-15 17:01:29,A7,37.61095,-122.38343,20,235,0.06
2016-08-15 17:01:30,A7,37.61087,-122.38346999999999,19,218,0.06
2016-08-15 17:01:31,A7,37.61079,-122.38351999999999,19,223,0.06
2016-08-15 17:01:32,A7,37.61072,-122.38358000000001,19,231,0.06
2016-08-15 17:01:33,A7,37.610640000000004,-122.38362,19,218,0.06
2016-08-15 17:01:34,A7,37.61056,-122.38367,19,223,0.06
2016-08-15 17:01:35,A7,37.61049000000001,-122.38372,19,226,0.06
2016-08-15 17:01:36,A7,37.610409999999995,-122.38378,19,227,0.13
2016-08-15 17:01:37,A7,37.61034,-122.38381000000001,19,215,0.06
2016-08-15 17:01:38,A7,37.61027,-122.38387,19,231,0.06
2016-08-15 17:01:39,A7,37.6102,-122.38394,19,235,0.06
2016-08-15 17:01:40,A7,37.61013,-122.384,19,231,0.06
2016-08-15 17:01:41,A7,37.61006,-122.38407,19,235,0.13
2016-08-15 17:01:42,A7,37.61,-122.38413999999999,19,239,0.13
2016-08-15 17:01:43,A7,37.60993,-122.3842,19,231,0.13
2016-08-15 17:01:44,A7,37.60989,-122.38427,18,251,0.06
2016-08-15 17:01:45,A7,37.60982,-122.38433,17,231,0.13
2016-08-15 17:01:46,A7,37.609759999999994,-122.38439,17,235,0.13
2016-08-15 17:01:48,A7,37.60964,-122.38448999999999,17,230,0.13
2016-08-15 17:01:50,A7,37.6095,-122.38458999999999,17,226,0.13
2016-08-15 17:01:51,A7,37.60944,-122.38465,18,235,0.13
2016-08-15 17:01:52,A7,37.60937,-122.38471000000001,18,231,0.13
2016-08-15 17:01:53,A7,37.6093,-122.38476000000001,18,226,0.13
2016-08-15 17:01:54,A7,37.60924,-122.38483000000001,18,239,0.13
2016-08-15 17:01:55,A7,37.60917,-122.38488000000001,18,226,0.13
2016-08-15 17:01:56,A7,37.60909,-122.38493000000001,19,223,0.13
2016-08-15 17:01:57,A7,37.60902,-122.38498,19,226,0.13
2016-08-15 17:01:58,A7,37.6089,-122.38498,19,197,0.13
2016-08-15 17:01:59,A7,37.60882,-122.38497,17,191,0.13
2016-08-15 17:02:00,A7,37.60875,-122.38496,18,190,0.13
2016-08-15 17:02:01,A7,37.60869,-122.38498999999999,18,218,0.13
2016-08-15 17:02:02,A7,37.6086,-122.38501000000001,19,207,0.13
2016-08-15 17:02:03,A7,37.608509999999995,-122.38501000000001,20,197,0.13
2016-08-15 17:02:04,A7,37.60841,-122.38498999999999,21,188,0.13
2016-08-15 17:02:05,A7,37.60832,-122.38498999999999,21,197,0.13
2016-08-15 17:02:06,A7,37.60822,-122.385,21,201,0.13
2016-08-15 17:02:07,A7,37.60814,-122.385,20,197,0.13
2016-08-15 17:02:08,A7,37.60805,-122.38501000000001,21,202,0.13
2016-08-15 17:02:09,A7,37.60796,-122.385,21,192,0.13
2016-08-15 17:02:10,A7,37.607859999999995,-122.38501000000001,21,201,0.13
2016-08-15 17:02:11,A7,37.60776,-122.38498999999999,21,188,0.13
2016-08-15 17:02:12,A7,37.60767,-122.38498,22,192,0.13
2016-08-15 17:02:13,A7,37.60759,-122.38498,20,197,0.13
2016-08-15 17:02:14,A7,37.60747,-122.38498,19,197,0.13
2016-08-15 17:02:15,A7,37.60739,-122.38498,20,197,0.13
2016-08-15 17:02:16,A7,37.6073,-122.38498,20,197,0.13
2016-08-15 17:02:17,A7,37.6072,-122.38498,19,197,0.13
2016-08-15 17:02:19,A7,37.60704000000001,-122.38496,19,191,0.13
2016-08-15 17:02:20,A7,37.606970000000004,-122.38495,18,190,0.13
2016-08-15 17:02:21,A7,37.60689,-122.38492,18,180,0.13
2016-08-15 17:02:22,A7,37.60682,-122.3849,17,184,0.13
2016-08-15 17:02:23,A7,37.606770000000004,-122.38478,16,134,0.13
2016-08-15 17:02:24,A7,37.60674,-122.38472,18,139,0.13
2016-08-15 17:02:25,A7,37.60669,-122.38467,19,158,0.13
2016-08-15 17:02:26,A7,37.60662,-122.38457,17,148,0.13
2016-08-15 17:02:27,A7,37.606559999999995,-122.38448999999999,18,150,0.13
2016-08-15 17:02:28,A7,37.60651,-122.38441,20,145,0.13
2016-08-15 17:02:29,A7,37.60646,-122.38434,18,149,0.13
2016-08-15 17:02:30,A7,37.60639000000001,-122.38426000000001,19,154,0.13
2016-08-15 17:02:31,A7,37.60634,-122.38418999999999,19,149,0.13
2016-08-15 17:02:32,A7,37.60626,-122.38408000000001,19,149,0.13
2016-08-15 17:02:33,A7,37.60621,-122.384,17,145,0.13
2016-08-15 17:02:35,A7,37.60613,-122.38387,17,144,0.13
2016-08-15 17:02:36,A7,37.60609,-122.3838,16,142,0.13
2016-08-15 17:02:38,A7,37.60599000000001,-122.38366,16,149,0.13
2016-08-15 17:02:39,A7,37.605959999999996,-122.3836,15,139,0.13
2016-08-15 17:02:40,A7,37.605909999999994,-122.38353000000001,14,149,0.13
2016-08-15 17:02:41,A7,37.60589,-122.38346999999999,13,129,0.13
2016-08-15 17:02:42,A7,37.60586,-122.3834,14,135,0.13
2016-08-15 17:02:43,A7,37.60585,-122.38333,13,117,0.13
2016-08-15 17:02:44,A7,37.60588,-122.38325,14,81,0.13
2016-08-15 17:02:45,A7,37.6059,-122.38318999999998,14,84,0.13
2016-08-15 17:02:46,A7,37.60592000000001,-122.38311000000002,14,89,0.13
2016-08-15 17:02:47,A7,37.605959999999996,-122.38304,14,71,0.13
2016-08-15 17:02:48,A7,37.605979999999995,-122.38298,15,84,0.13
2016-08-15 17:02:50,A7,37.60605,-122.38283999999999,15,74,0.13
2016-08-15 17:02:51,A7,37.6061,-122.38278000000001,14,60,0.13
2016-08-15 17:02:52,A7,37.60615,-122.38273000000001,15,55,0.13
2016-08-15 17:02:53,A7,37.6062,-122.38268000000001,15,55,0.13
2016-08-15 17:02:54,A7,37.60626,-122.38264,15,44,0.13
2016-08-15 17:02:55,A7,37.60633,-122.3826,15,41,0.13
2016-08-15 17:02:56,A7,37.60639000000001,-122.38257,15,38,0.13
2016-08-15 17:02:57,A7,37.60645,-122.38253999999999,14,38,0.13
2016-08-15 17:02:58,A7,37.6065,-122.3825,14,49,0.13
2016-08-15 17:02:59,A7,37.60655,-122.38246000000001,14,49,0.13
2016-08-15 17:03:00,A7,37.6066,-122.38243,14,42,0.13
2016-08-15 17:03:01,A7,37.60666,-122.38238999999999,14,44,0.13
2016-08-15 17:03:02,A7,37.60672,-122.38233999999999,15,50,0.13
2016-08-15 17:03:03,A7,37.606770000000004,-122.38229,16,55,0.13
2016-08-15 17:03:04,A7,37.606770000000004,-122.38216000000001,15,107,0.13
2016-08-15 17:03:05,A7,37.60678,-122.38207,15,99,0.13
2016-08-15 17:03:06,A7,37.6068,-122.38203999999999,15,66,0.13
2016-08-15 17:03:07,A7,37.606809999999996,-122.38195,14,99,0.13
2016-08-15 17:03:08,A7,37.60682,-122.38188000000001,14,96,0.13
2016-08-15 17:03:09,A7,37.60683,-122.3818,15,98,0.13
2016-08-15 17:03:11,A7,37.606770000000004,-122.38163999999999,16,132,0.13
2016-08-15 17:03:12,A7,37.60669,-122.38157,16,162,0.13
2016-08-15 17:03:13,A7,37.60665,-122.38148999999999,17,139,0.13
2016-08-15 17:03:14,A7,37.60666,-122.38144,16,92,0.13
2016-08-15 17:03:15,A7,37.6066,-122.38136999999999,14,154,0.13
2016-08-15 17:03:16,A7,37.60658,-122.3813,12,126,0.13
2016-08-15 17:03:17,A7,37.60658,-122.38123,12,107,0.13
2016-08-15 17:03:18,A7,37.606559999999995,-122.38118,11,133,0.13
2016-08-15 17:03:19,A7,37.60654,-122.38113,10,133,0.13
2016-08-15 17:03:20,A7,37.60653,-122.38108000000001,10,121,0.13
2016-08-15 17:03:21,A7,37.60652,-122.38101999999999,9,118,0.13
2016-08-15 17:03:22,A7,37.60651,-122.38096999999999,10,121,0.13
2016-08-15 17:03:23,A7,37.60651,-122.38091999999999,9,107,0.13
2016-08-15 17:03:24,A7,37.60655,-122.38089,9,47,0.13
2016-08-15 17:03:25,A7,37.60658,-122.38086000000001,9,55,0.13
2016-08-15 17:03:26,A7,37.606609999999996,-122.38085,9,31,0.13
2016-08-15 17:03:27,A7,37.606629999999996,-122.38078999999999,8,84,0.13
2016-08-15 17:03:28,A7,37.60667,-122.3808,8,5,0.13
2016-08-15 17:03:29,A7,37.6067,-122.38078,8,44,0.13
2016-08-15 17:03:31,A7,37.60675,-122.38076000000001,6,34,0.13
2016-08-15 17:03:32,A7,37.606770000000004,-122.38077,5,355,0.13
2016-08-15 17:03:33,A7,37.606790000000004,-122.38076000000001,5,38,0.13
2016-08-15 17:03:34,A7,37.606809999999996,-122.38075,5,38,0.13
2016-08-15 17:03:35,A7,37.60683,-122.38075,4,17,0.13
2016-08-15 17:03:36,A7,37.60684000000001,-122.38075,3,17,0.13
2016-08-15 17:03:37,A7,37.60685,-122.38075,2,17,0.13
2016-08-15 17:03:40,A7,37.60686,-122.38073999999999,2,55,0.13
2016-08-15 17:03:57,A7,37.60685,-122.38072,2,139,0.13
2016-08-15 17:03:58,A7,37.60686,-122.38071000000001,6,55,0.13
2016-08-15 17:03:59,A7,37.60693,-122.38063999999999,12,55,0.13
2016-08-15 17:04:01,A7,37.60705,-122.38058999999998,20,35,0.13
2016-08-15 17:04:02,A7,37.60715,-122.3805,26,52,0.13
2016-08-15 17:04:03,A7,37.60727,-122.3804,32,50,0.13
2016-08-15 17:04:04,A7,37.607409999999994,-122.3803,35,46,0.13
2016-08-15 17:04:05,A7,37.60756,-122.38022,42,39,0.13
2016-08-15 17:04:06,A7,37.60778,-122.38009,48,42,0.13
2016-08-15 17:04:07,A7,37.60799,-122.37995,54,44,0.13
2016-08-15 17:04:08,A7,37.60821,-122.37981,56,43,0.13
2016-08-15 17:04:09,A7,37.60845,-122.37968000000001,59,40,0.06
2016-08-15 17:04:10,A7,37.6087,-122.37952,63,43,0.06
2016-08-15 17:04:11,A7,37.60902,-122.37926000000002,72,49,0.06
2016-08-15 17:04:12,A7,37.6093,-122.37911000000001,79,40,0.06
2016-08-15 17:04:13,A7,37.609629999999996,-122.37888000000001,87,45,0.06
2016-08-15 17:04:14,A7,37.60999,-122.37863999999999,90,44,0.06
2016-08-15 17:04:16,A7,37.61074,-122.37812,96,45,0.06
2016-08-15 17:04:17,A7,37.61115,-122.37788,100,41,0.06
2016-08-15 17:04:18,A7,37.61155,-122.37758000000001,106,47,0.38
2016-08-15 17:04:19,A7,37.612,-122.37728999999999,110,44,0.5
2016-08-15 17:04:20,A7,37.61245,-122.377,115,44,0.5
2016-08-15 17:04:21,A7,37.61294,-122.37666999999999,119,45,0.13
2016-08-15 17:04:22,A7,37.61342,-122.37636,123,44,0.0
2016-08-15 17:04:23,A7,37.61391,-122.37603,126,45,0.0
2016-08-15 17:04:24,A7,37.61443,-122.37568,128,45,0.13
2016-08-15 17:04:25,A7,37.614940000000004,-122.37533,135,45,0.25
2016-08-15 17:04:27,A7,37.61608,-122.37458000000001,140,44,0.25
2016-08-15 17:04:28,A7,37.616659999999996,-122.3742,146,44,0.38
2016-08-15 17:04:29,A7,37.61727,-122.37377,150,46,0.19
2016-08-15 17:04:30,A7,37.61786,-122.37337,153,45,0.19
2016-08-15 17:04:31,A7,37.61848,-122.37298999999999,156,42,0.13
2016-08-15 17:04:32,A7,37.61911,-122.37258999999999,160,43,0.13
2016-08-15 17:04:33,A7,37.61981,-122.37212,165,45,0.19
2016-08-15 17:04:34,A7,37.62047000000001,-122.37166,168,45,0.19
2016-08-15 17:04:35,A7,37.621140000000004,-122.37122,171,44,0.44
2016-08-15 17:04:36,A7,37.621809999999996,-122.37078999999999,172,43,0.5
2016-08-15 17:04:37,A7,37.62251,-122.3703,174,46,0.5
2016-08-15 17:04:38,A7,37.62324,-122.36978,175,46,0.88
2016-08-15 17:04:39,A7,37.62392,-122.36928,175,47,1.25
2016-08-15 17:04:41,A7,37.62526,-122.36833,172,46,2.38
2016-08-15 17:04:42,A7,37.62592,-122.36787,172,45,3.0
2016-08-15 17:04:43,A7,37.62658,-122.36738999999999,170,46,3.63
2016-08-15 17:04:44,A7,37.62726,-122.3669,168,46,4.13
2016-08-15 17:04:45,A7,37.6279,-122.36643000000001,168,47,4.69
2016-08-15 17:04:46,A7,37.62851,-122.36601,168,45,5.13
2016-08-15 17:04:47,A7,37.62917,-122.36554,168,46,5.69
2016-08-15 17:04:48,A7,37.62983,-122.36506000000001,167,46,6.19
2016-08-15 17:04:49,A7,37.63049,-122.36458999999999,169,46,6.69
2016-08-15 17:04:50,A7,37.63112,-122.36412,167,47,7.13
2016-08-15 17:04:51,A7,37.63177,-122.36365,166,46,7.5
2016-08-15 17:04:52,A7,37.6324,-122.36318999999999,166,47,7.94
2016-08-15 17:04:53,A7,37.63304,-122.36271,169,47,8.31
2016-08-15 17:04:54,A7,37.63367,-122.36214,171,52,8.75
2016-08-15 17:04:55,A7,37.63432,-122.36158,171,51,9.13
2016-08-15 17:04:56,A7,37.63495,-122.36101000000001,173,52,9.56
2016-08-15 17:04:57,A7,37.63548,-122.3604,173,59,9.81
2016-08-15 17:04:58,A7,37.636070000000004,-122.35978,173,56,10.31
2016-08-15 17:04:59,A7,37.63666,-122.35909,176,59,10.63
2016-08-15 17:05:00,A7,37.637209999999996,-122.35838000000001,179,62,11.06
2016-08-15 17:00:00,A9,37.60195,-122.32958,141,313,5.13
2016-08-15 17:00:01,A9,37.60225,-122.33027,141,315,5.06
2016-08-15 17:00:02,A9,37.60255,-122.33096,139,315,5.0
2016-08-15 17:00:03,A9,37.60284,-122.33166000000001,139,314,4.94
2016-08-15 17:00:04,A9,37.60314,-122.33233999999999,140,316,4.88
2016-08-15 17:00:05,A9,37.603429999999996,-122.33305,140,314,4.75
2016-08-15 17:00:06,A9,37.60373,-122.33375,140,315,4.63
2016-08-15 17:00:07,A9,37.60403,-122.33443999999999,141,315,4.5
2016-08-15 17:00:08,A9,37.60432,-122.33516999999999,141,313,4.38
2016-08-15 17:00:09,A9,37.604620000000004,-122.33587,141,315,4.13
2016-08-15 17:00:10,A9,37.60492,-122.33657,141,315,4.0
2016-08-15 17:00:11,A9,37.60522,-122.33726999999999,141,315,4.0
2016-08-15 17:00:12,A9,37.60552,-122.33798,141,315,3.81
2016-08-15 17:00:13,A9,37.6058,-122.33871,142,312,3.75
2016-08-15 17:00:14,A9,37.60611,-122.3394,142,316,3.63
2016-08-15 17:00:15,A9,37.60641,-122.34011000000001,141,315,3.56
2016-08-15 17:00:16,A9,37.60672,-122.3408,140,316,3.56
2016-08-15 17:00:17,A9,37.60703,-122.34149,140,316,3.44
2016-08-15 17:00:18,A9,37.60731,-122.34218999999999,140,313,3.19
2016-08-15 17:00:19,A9,37.6076,-122.34289,140,314,3.0
2016-08-15 17:00:20,A9,37.60789000000001,-122.3436,140,314,2.94
2016-08-15 17:00:21,A9,37.60817,-122.34431000000001,140,313,2.81
2016-08-15 17:00:22,A9,37.60846,-122.34501000000002,140,314,2.69
2016-08-15 17:00:23,A9,37.60875,-122.34571000000001,140,314,2.5
2016-08-15 17:00:24,A9,37.60907,-122.34638999999999,140,317,2.44
2016-08-15 17:00:25,A9,37.609359999999995,-122.3471,140,314,2.38
2016-08-15 17:00:26,A9,37.60964,-122.3478,140,313,2.31
2016-08-15 17:00:27,A9,37.60995,-122.34848999999998,139,316,2.13
2016-08-15 17:00:28,A9,37.61025,-122.34915,137,316,2.0
2016-08-15 17:00:29,A9,37.61053,-122.34985,138,313,1.81
2016-08-15 17:00:30,A9,37.6108,-122.35053,136,313,1.75
2016-08-15 17:00:31,A9,37.61105,-122.35127,138,310,1.63
2016-08-15 17:00:32,A9,37.61136,-122.35191,138,318,1.38
2016-08-15 17:00:33,A9,37.61165,-122.35262,140,314,1.19
2016-08-15 17:00:34,A9,37.611940000000004,-122.3533,139,315,1.31
2016-08-15 17:00:35,A9,37.61221,-122.35404,139,311,1.06
2016-08-15 17:00:36,A9,37.61252,-122.35473,138,316,1.0
2016-08-15 17:00:37,A9,37.612809999999996,-122.35541,139,315,1.0
2016-08-15 17:00:38,A9,37.6131,-122.35609,139,315,0.88
2016-08-15 17:00:39,A9,37.61339,-122.35678999999999,138,314,0.75
2016-08-15 17:00:41,A9,37.61396,-122.35819,139,314,0.5
2016-08-15 17:00:42,A9,37.61425,-122.35888,139,314,0.38
2016-08-15 17:00:43,A9,37.61453,-122.35958000000001,137,313,0.25
2016-08-15 17:00:44,A9,37.61481,-122.36023999999999,136,315,0.06
2016-08-15 17:00:45,A9,37.61509,-122.36092,136,314,0.0
2016-08-15 17:00:46,A9,37.61537,-122.36158999999999,135,314,0.0
2016-08-15 17:00:47,A9,37.61565,-122.36228,135,314,0.0
2016-08-15 17:00:49,A9,37.61622,-122.36362,135,315,0.06
2016-08-15 17:00:50,A9,37.61653,-122.36428000000001,135,317,0.13
2016-08-15 17:00:51,A9,37.616820000000004,-122.36493999999999,134,316,0.13
2016-08-15 17:00:52,A9,37.6171,-122.36561,132,314,0.19
2016-08-15 17:00:53,A9,37.61738,-122.36625,130,315,0.19
2016-08-15 17:00:54,A9,37.61763,-122.36688999999998,125,313,0.19
2016-08-15 17:00:55,A9,37.61789,-122.36748,122,316,0.19
2016-08-15 17:00:56,A9,37.61815,-122.36804,118,317,0.13
2016-08-15 17:00:57,A9,37.61838,-122.36865,114,312,0.13
2016-08-15 17:00:59,A9,37.6188,-122.36975,109,312,0.13
2016-08-15 17:01:00,A9,37.61902,-122.37026999999999,102,315,0.13
2016-08-15 17:01:01,A9,37.61924000000001,-122.37071,97,319,0.13
2016-08-15 17:01:02,A9,37.619440000000004,-122.37118000000001,92,315,0.13
2016-08-15 17:01:03,A9,37.61965,-122.37161,91,318,0.13
2016-08-15 17:01:04,A9,37.61983,-122.37207,89,313,0.13
2016-08-15 17:01:05,A9,37.62001,-122.3725,84,314,0.13
2016-08-15 17:01:06,A9,37.62017,-122.37288000000001,80,315,0.13
2016-08-15 17:01:07,A9,37.62032,-122.37326999999999,74,312,0.13
2016-08-15 17:01:08,A9,37.62047000000001,-122.37361000000001,70,316,0.13
2016-08-15 17:01:09,A9,37.62061,-122.37393999999999,67,315,0.13
2016-08-15 17:01:10,A9,37.62074000000001,-122.37427,65,313,0.06
2016-08-15 17:01:11,A9,37.62086,-122.37459,61,312,0.06
2016-08-15 17:01:12,A9,37.620979999999996,-122.37483999999999,56,318,0.06
2016-08-15 17:01:13,A9,37.62109,-122.37511,52,314,0.06
2016-08-15 17:01:14,A9,37.62119000000001,-122.37536000000001,49,313,0.06
2016-08-15 17:01:15,A9,37.62128,-122.3756,48,312,0.06
2016-08-15 17:01:16,A9,37.62137,-122.37584,45,312,0.06
2016-08-15 17:01:17,A9,37.62144,-122.37605,43,309,0.06
2016-08-15 17:01:18,A9,37.621520000000004,-122.37626000000002,40,312,0.06
2016-08-15 17:01:19,A9,37.62162,-122.37643,38,323,0.06
2016-08-15 17:01:20,A9,37.62169,-122.37657,35,319,0.13
2016-08-15 17:01:21,A9,37.62174,-122.37676,33,305,0.13
2016-08-15 17:01:22,A9,37.62178,-122.37693999999999,31,302,0.06
2016-08-15 17:01:23,A9,37.621829999999996,-122.3771,33,308,0.06
2016-08-15 17:01:24,A9,37.62188,-122.37726,32,308,0.06
2016-08-15 17:01:25,A9,37.62191,-122.37745,31,298,0.06
2016-08-15 17:01:26,A9,37.62193,-122.37763000000001,31,295,0.06
2016-08-15 17:01:28,A9,37.62198,-122.37798000000001,31,297,0.06
2016-08-15 17:01:29,A9,37.622009999999996,-122.37815,31,299,0.13
2016-08-15 17:01:30,A9,37.622009999999996,-122.37832,30,287,0.06
2016-08-15 17:01:31,A9,37.62203,-122.37847,29,296,0.13
2016-08-15 17:01:32,A9,37.62205,-122.37863,28,296,0.13
2016-08-15 17:01:34,A9,37.62207,-122.37896,27,291,0.13
2016-08-15 17:01:35,A9,37.62209,-122.37911000000001,27,296,0.13
2016-08-15 17:01:36,A9,37.62211,-122.37926000000002,27,296,0.06
2016-08-15 17:01:37,A9,37.62212,-122.3794,26,292,0.06
2016-08-15 17:01:38,A9,37.62214,-122.37955,26,296,0.06
2016-08-15 17:01:39,A9,37.62215,-122.37968000000001,25,292,0.06
2016-08-15 17:01:40,A9,37.62216,-122.37983,25,291,0.13
2016-08-15 17:01:41,A9,37.622170000000004,-122.37996000000001,24,292,0.06
2016-08-15 17:01:42,A9,37.62218,-122.3801,24,292,0.06
2016-08-15 17:01:43,A9,37.62219,-122.38023000000001,23,292,0.06
2016-08-15 17:01:44,A9,37.6222,-122.38036000000001,23,292,0.13
2016-08-15 17:01:45,A9,37.622209999999995,-122.38048,22,293,0.06
2016-08-15 17:01:46,A9,37.62222,-122.3806,21,293,0.06
2016-08-15 17:01:48,A9,37.62225,-122.38082,21,296,0.06
2016-08-15 17:01:50,A9,37.62227,-122.38106,20,293,0.13
2016-08-15 17:01:51,A9,37.622279999999996,-122.38117,20,293,0.13
2016-08-15 17:01:52,A9,37.62229,-122.38127,20,294,0.06
2016-08-15 17:01:53,A9,37.6223,-122.38138000000001,19,293,0.06
2016-08-15 17:01:54,A9,37.62231,-122.3815,19,293,0.13
2016-08-15 17:01:55,A9,37.62231,-122.3816,20,287,0.13
2016-08-15 17:01:56,A9,37.6223,-122.38171000000001,19,280,0.13
2016-08-15 17:01:57,A9,37.6223,-122.38181999999999,18,287,0.13
2016-08-15 17:01:58,A9,37.62229,-122.38192,17,279,0.13
2016-08-15 17:01:59,A9,37.622279999999996,-122.382,16,278,0.13
2016-08-15 17:02:00,A9,37.622279999999996,-122.38208,16,287,0.13
2016-08-15 17:02:01,A9,37.62227,-122.38217,15,279,0.13
2016-08-15 17:02:02,A9,37.62225,-122.38226,16,271,0.13
2016-08-15 17:02:03,A9,37.62224000000001,-122.38233000000001,17,276,0.13
2016-08-15 17:02:04,A9,37.622209999999995,-122.38242,16,264,0.13
2016-08-15 17:02:05,A9,37.62213,-122.38248,16,227,0.13
2016-08-15 17:02:06,A9,37.62209,-122.38253999999999,17,246,0.13
2016-08-15 17:02:07,A9,37.62205,-122.38261999999999,16,254,0.06
2016-08-15 17:02:08,A9,37.622,-122.38269,15,244,0.13
2016-08-15 17:02:09,A9,37.62195,-122.38273000000001,15,229,0.13
2016-08-15 17:02:10,A9,37.6219,-122.38278999999999,15,240,0.06
2016-08-15 17:02:11,A9,37.62185,-122.38282,14,222,0.06
2016-08-15 17:02:12,A9,37.621790000000004,-122.38287,14,230,0.06
2016-08-15 17:02:13,A9,37.62175,-122.38291000000001,12,235,0.06
2016-08-15 17:02:14,A9,37.6217,-122.38295,14,229,0.06
2016-08-15 17:02:15,A9,37.62166,-122.38298,13,227,0.06
2016-08-15 17:02:16,A9,37.62159000000001,-122.38302,15,221,0.06
2016-08-15 17:02:17,A9,37.62153,-122.38306000000001,16,224,0.06
2016-08-15 17:02:18,A9,37.62146,-122.3831,16,221,0.06
2016-08-15 17:02:19,A9,37.6214,-122.38315,16,230,0.13
2016-08-15 17:02:20,A9,37.62135,-122.38316999999999,15,214,0.13
2016-08-15 17:02:21,A9,37.62128,-122.3832,14,215,0.13
2016-08-15 17:02:22,A9,37.62122,-122.38322,14,211,0.13
2016-08-15 17:02:23,A9,37.62117,-122.38326,14,229,0.06
2016-08-15 17:02:24,A9,37.621109999999994,-122.38328999999999,14,218,0.06
2016-08-15 17:02:25,A9,37.62107,-122.38331000000001,12,218,0.06
2016-08-15 17:02:26,A9,37.621,-122.38332,11,203,0.06
2016-08-15 17:02:27,A9,37.62097,-122.38333999999999,9,224,0.06
2016-08-15 17:02:28,A9,37.62096,-122.38332,9,139,0.06
2016-08-15 17:02:29,A9,37.620909999999995,-122.38331000000001,8,188,0.06
2016-08-15 17:02:31,A9,37.62085,-122.38333999999999,9,218,0.06
2016-08-15 17:02:32,A9,37.62081,-122.38335,9,208,0.06
2016-08-15 17:02:33,A9,37.62077,-122.38337,8,218,0.06
2016-08-15 17:02:35,A9,37.620709999999995,-122.3834,8,218,0.06
2016-08-15 17:02:36,A9,37.62068,-122.3834,7,197,0.06
2016-08-15 17:02:38,A9,37.62062,-122.38343,7,218,0.06
2016-08-15 17:02:39,A9,37.62061,-122.38345,6,254,0.06
2016-08-15 17:02:40,A9,37.62058,-122.38346000000001,6,211,0.06
2016-08-15 17:02:41,A9,37.62057,-122.38346000000001,5,197,0.06
2016-08-15 17:02:42,A9,37.62054000000001,-122.38346999999999,6,211,0.06
2016-08-15 17:02:43,A9,37.62052,-122.38348,6,218,0.06
2016-08-15 17:02:44,A9,37.620490000000004,-122.38349,6,211,0.06
2016-08-15 17:02:45,A9,37.62045,-122.38349,6,197,0.06
2016-08-15 17:02:46,A9,37.62043,-122.38348,7,175,0.06
2016-08-15 17:02:47,A9,37.6204,-122.38346000000001,8,169,0.06
2016-08-15 17:02:48,A9,37.62037,-122.38345,8,182,0.06
2016-08-15 17:02:50,A9,37.620290000000004,-122.38343,9,185,0.06
2016-08-15 17:02:51,A9,37.62023,-122.3834,9,175,0.06
2016-08-15 17:02:52,A9,37.62019,-122.38338,10,175,0.06
2016-08-15 17:02:53,A9,37.62016,-122.38335,10,158,0.06
2016-08-15 17:02:55,A9,37.62015,-122.38323999999999,10,113,0.06
2016-08-15 17:02:56,A9,37.62012,-122.3832,10,150,0.06
2016-08-15 17:02:57,A9,37.62014,-122.38314,10,84,0.06
2016-08-15 17:02:58,A9,37.62012,-122.38309,10,133,0.06
2016-08-15 17:02:59,A9,37.62007,-122.38305,11,164,0.06
2016-08-15 17:03:00,A9,37.62008,-122.38301000000001,9,89,0.06
2016-08-15 17:03:01,A9,37.62005,-122.38296000000001,9,144,0.06
2016-08-15 17:03:02,A9,37.62005,-122.38292,9,107,0.06
2016-08-15 17:03:03,A9,37.62004,-122.38288,9,124,0.06
2016-08-15 17:03:04,A9,37.620020000000004,-122.38282,8,129,0.06
2016-08-15 17:03:05,A9,37.62,-122.38278000000001,9,139,0.06
2016-08-15 17:03:06,A9,37.61998,-122.38273999999998,10,139,0.06
2016-08-15 17:03:07,A9,37.61996,-122.38268000000001,10,129,0.06
2016-08-15 17:03:08,A9,37.61994,-122.38263,10,133,0.06
2016-08-15 17:03:09,A9,37.61991,-122.38258,11,144,0.06
2016-08-15 17:03:11,A9,37.61987,-122.38248,10,133,0.06
2016-08-15 17:03:12,A9,37.61983,-122.38243,10,152,0.06
2016-08-15 17:03:13,A9,37.619820000000004,-122.3824,10,129,0.06
2016-08-15 17:03:14,A9,37.61979,-122.38237,8,158,0.06
2016-08-15 17:03:15,A9,37.61976,-122.38231999999999,8,144,0.06
2016-08-15 17:03:16,A9,37.61974,-122.3823,10,158,0.06
2016-08-15 17:03:17,A9,37.6197,-122.38231999999999,9,218,0.06
2016-08-15 17:03:18,A9,37.619640000000004,-122.38233000000001,8,204,0.06
2016-08-15 17:03:19,A9,37.61962,-122.3823,9,147,0.06
2016-08-15 17:03:20,A9,37.61959,-122.38231,8,211,0.06
2016-08-15 17:03:21,A9,37.61954,-122.38231,8,197,0.06
2016-08-15 17:03:22,A9,37.61951,-122.38231999999999,8,211,0.06
2016-08-15 17:03:23,A9,37.61947,-122.38233999999999,8,218,0.06
2016-08-15 17:03:24,A9,37.619440000000004,-122.38235,8,211,0.13
2016-08-15 17:03:25,A9,37.619409999999995,-122.38235,8,197,0.06
2016-08-15 17:03:26,A9,37.61937,-122.38236,7,208,0.06
2016-08-15 17:03:27,A9,37.61935,-122.38238,8,235,0.06
2016-08-15 17:03:28,A9,37.61932,-122.38241000000001,8,235,0.06
2016-08-15 17:03:29,A9,37.61929,-122.38243,8,224,0.06
2016-08-15 17:03:31,A9,37.61923,-122.38248,8,230,0.06
2016-08-15 17:03:32,A9,37.61919,-122.38251000000001,9,227,0.06
2016-08-15 17:03:33,A9,37.61916,-122.38253,9,224,0.06
2016-08-15 17:03:34,A9,37.61912,-122.38256000000001,8,227,0.06
2016-08-15 17:03:35,A9,37.6191,-122.38257,8,218,0.06
2016-08-15 17:03:36,A9,37.61908,-122.3826,8,246,0.06
2016-08-15 17:03:37,A9,37.61904000000001,-122.38261999999999,8,218,0.06
2016-08-15 17:03:38,A9,37.619009999999996,-122.38264,8,224,0.06
2016-08-15 17:03:39,A9,37.618970000000004,-122.38265,9,208,0.06
2016-08-15 17:03:40,A9,37.61894,-122.38266000000002,8,211,0.06
2016-08-15 17:03:41,A9,37.6189,-122.38266000000002,8,197,0.06
2016-08-15 17:03:42,A9,37.61887,-122.38265,8,182,0.06
2016-08-15 17:03:43,A9,37.618829999999996,-122.38266999999999,9,218,0.06
2016-08-15 17:03:44,A9,37.618809999999996,-122.38271999999999,9,260,0.06
2016-08-15 17:03:45,A9,37.61878,-122.38273999999998,9,224,0.06
2016-08-15 17:03:46,A9,37.61875,-122.38277,7,235,0.06
2016-08-15 17:03:47,A9,37.61873,-122.38278999999999,7,235,0.06
2016-08-15 17:03:48,A9,37.61872,-122.38278999999999,7,197,0.06
2016-08-15 17:03:49,A9,37.61868,-122.38282,6,227,0.06
2016-08-15 17:03:50,A9,37.61866,-122.38285,6,246,0.06
2016-08-15 17:03:51,A9,37.61865,-122.38287,7,254,0.06
2016-08-15 17:03:52,A9,37.618629999999996,-122.38291000000001,7,254,0.06
2016-08-15 17:03:54,A9,37.61859000000001,-122.38296000000001,6,241,0.06
2016-08-15 17:03:55,A9,37.61855,-122.38297,6,208,0.06
2016-08-15 17:03:56,A9,37.61854,-122.38298,5,235,0.06
2016-08-15 17:03:57,A9,37.61853,-122.38298,5,197,0.06
2016-08-15 17:03:58,A9,37.61851,-122.38298,5,197,0.06
2016-08-15 17:03:59,A9,37.61848,-122.383,7,224,0.06
2016-08-15 17:04:00,A9,37.61844,-122.383,8,197,0.06
2016-08-15 17:04:01,A9,37.61841,-122.38302,8,224,0.06
2016-08-15 17:04:03,A9,37.61834,-122.38298,7,172,0.06
2016-08-15 17:04:05,A9,37.6183,-122.38298999999999,5,208,0.06
2016-08-15 17:04:08,A9,37.61828,-122.38297,6,158,0.06
2016-08-15 17:00:00,A11,37.68264,-122.4433,301,156,132.56
2016-08-15 17:00:01,A11,37.68186,-122.4423,291,151,132.19
2016-08-15 17:00:02,A11,37.68078,-122.44124,286,159,131.94
2016-08-15 17:00:03,A11,37.67987,-122.44028,287,157,131.56
2016-08-15 17:00:04,A11,37.67886,-122.43923999999998,297,157,131.25
2016-08-15 17:00:05,A11,37.6777,-122.43807,290,158,131.0
2016-08-15 17:00:06,A11,37.67667,-122.43701999999999,302,158,130.56
2016-08-15 17:00:07,A11,37.67568,-122.43602,306,158,130.25
2016-08-15 17:00:08,A11,37.67455,-122.43491999999999,306,159,129.94
2016-08-15 17:00:09,A11,37.67353,-122.43378999999999,315,155,129.56
2016-08-15 17:00:10,A11,37.67237,-122.43258,315,157,129.31
2016-08-15 17:00:11,A11,37.67126,-122.4314,310,156,128.81
2016-08-15 17:00:13,A11,37.66914000000001,-122.42926999999999,320,158,128.19
2016-08-15 17:00:14,A11,37.66812,-122.42825,309,158,128.0
2016-08-15 17:00:15,A11,37.666959999999996,-122.42705,305,157,127.63
2016-08-15 17:00:16,A11,37.665929999999996,-122.42596,309,157,127.25
2016-08-15 17:00:17,A11,37.66484000000001,-122.42486000000001,311,158,126.94
2016-08-15 17:00:18,A11,37.66377,-122.4237,311,156,126.69
2016-08-15 17:00:19,A11,37.66272,-122.42258000000001,314,156,126.44
2016-08-15 17:00:20,A11,37.6616,-122.4214,317,157,126.13
2016-08-15 17:00:21,A11,37.66052,-122.42026000000001,315,157,125.81
2016-08-15 17:00:22,A11,37.6594,-122.41911,313,157,125.5
2016-08-15 17:00:23,A11,37.6584,-122.41798,307,155,125.19
2016-08-15 17:00:24,A11,37.657379999999996,-122.41685,304,155,124.88
2016-08-15 17:00:25,A11,37.65637,-122.41571,304,155,124.69
2016-08-15 17:00:26,A11,37.6553,-122.41462,304,158,124.38
2016-08-15 17:00:27,A11,37.65425,-122.41348,306,156,124.13
2016-08-15 17:00:28,A11,37.653259999999996,-122.41243,315,157,123.94
2016-08-15 17:00:29,A11,37.652029999999996,-122.41121000000001,312,158,123.56
2016-08-15 17:00:30,A11,37.6509,-122.41003,313,157,123.25
2016-08-15 17:00:31,A11,37.64989,-122.40891,321,155,123.0
2016-08-15 17:00:32,A11,37.64881,-122.4078,316,157,122.75
2016-08-15 17:00:33,A11,37.64767,-122.40665,310,158,122.44
2016-08-15 17:00:34,A11,37.64659,-122.40555,313,158,122.13
2016-08-15 17:00:35,A11,37.645540000000004,-122.40441000000001,316,156,121.88
2016-08-15 17:00:36,A11,37.644459999999995,-122.40323000000001,313,156,121.63
2016-08-15 17:00:37,A11,37.643370000000004,-122.40206,312,156,121.44
2016-08-15 17:00:38,A11,37.6423,-122.40096000000001,313,157,121.25
2016-08-15 17:00:39,A11,37.64128,-122.39986,309,156,121.13
2016-08-15 17:00:41,A11,37.63913,-122.3976,306,157,120.75
2016-08-15 17:00:42,A11,37.63816,-122.39638000000001,308,152,120.63
2016-08-15 17:00:43,A11,37.63724000000001,-122.39511,308,149,120.5
2016-08-15 17:00:44,A11,37.636070000000004,-122.3941,309,162,120.5
2016-08-15 17:00:45,A11,37.635220000000004,-122.39303999999998,308,152,120.44
2016-08-15 17:00:46,A11,37.63422,-122.39171999999999,307,150,120.31
2016-08-15 17:00:47,A11,37.6332,-122.39058,290,155,120.25
2016-08-15 17:00:49,A11,37.63111,-122.38847,296,158,120.38
2016-08-15 17:00:50,A11,37.63035,-122.38768,289,157,120.44
2016-08-15 17:00:51,A11,37.62938,-122.38663999999999,285,156,120.5
2016-08-15 17:00:52,A11,37.628409999999995,-122.3856,285,156,120.56
2016-08-15 17:00:53,A11,37.62743,-122.38455,298,156,120.56
2016-08-15 17:00:54,A11,37.6256,-122.38353000000001,299,173,120.56
2016-08-15 17:00:55,A11,37.62443,-122.38247,300,161,120.63
2016-08-15 17:00:56,A11,37.62337,-122.38153,308,161,120.44
2016-08-15 17:00:57,A11,37.62242,-122.38043,308,154,120.25
2016-08-15 17:00:59,A11,37.62015,-122.37835,309,161,120.25
2016-08-15 17:01:00,A11,37.61887,-122.3775,318,169,120.06
2016-08-15 17:01:01,A11,37.61756,-122.37661999999999,318,169,120.13
2016-08-15 17:01:02,A11,37.61636,-122.37565,319,164,120.13
2016-08-15 17:01:03,A11,37.6152,-122.37494,314,171,120.19
2016-08-15 17:01:04,A11,37.61395,-122.37411000000002,304,169,120.25
2016-08-15 17:01:05,A11,37.612759999999994,-122.37323,300,166,120.19
2016-08-15 17:01:06,A11,37.61163,-122.37245,308,168,120.25
2016-08-15 17:01:07,A11,37.61045,-122.37158000000001,308,166,120.19
2016-08-15 17:01:08,A11,37.6093,-122.37058,309,162,120.19
2016-08-15 17:01:09,A11,37.60801,-122.36981000000002,309,171,120.19
2016-08-15 17:01:10,A11,37.606809999999996,-122.36894,309,167,120.19
2016-08-15 17:01:11,A11,37.605940000000004,-122.3676,299,146,120.06
2016-08-15 17:01:12,A11,37.60498,-122.36657,289,156,120.13
2016-08-15 17:01:13,A11,37.6041,-122.36543999999999,283,151,120.13
2016-08-15 17:01:14,A11,37.60318,-122.36437,283,154,120.13
2016-08-15 17:01:15,A11,37.60218,-122.36336000000001,282,158,120.19
2016-08-15 17:01:16,A11,37.60112,-122.36243,282,162,120.19
2016-08-15 17:01:17,A11,37.60008,-122.36158999999999,285,164,120.19
2016-08-15 17:01:18,A11,37.59903,-122.36073,286,164,120.19
2016-08-15 17:01:19,A11,37.59745,-122.36021000000001,288,182,120.19
2016-08-15 17:01:20,A11,37.59636,-122.35931000000001,310,163,120.19
2016-08-15 17:01:21,A11,37.595259999999996,-122.35841,310,164,120.19
2016-08-15 17:01:22,A11,37.59372000000001,-122.35821000000001,310,191,120.13
2016-08-15 17:01:23,A11,37.59255,-122.35746999999999,330,170,120.13
2016-08-15 17:01:24,A11,37.58894,-122.35911999999999,349,216,120.19
2016-08-15 17:01:25,A11,37.58741,-122.35868,335,184,120.13
2016-08-15 17:01:26,A11,37.58589,-122.35818,335,182,120.19
2016-08-15 17:01:28,A11,37.58343,-122.35672,323,171,120.19
2016-08-15 17:01:29,A11,37.582229999999996,-122.35595,311,170,120.13
2016-08-15 17:01:30,A11,37.58092,-122.35529,306,175,120.13
2016-08-15 17:01:31,A11,37.5796,-122.35466000000001,308,176,120.19
2016-08-15 17:01:32,A11,37.57858,-122.35382,309,163,120.19
2016-08-15 17:01:34,A11,37.57601,-122.35253999999999,303,175,120.19
2016-08-15 17:01:35,A11,37.57477,-122.35181999999999,300,172,120.19
2016-08-15 17:01:36,A11,37.57358,-122.3511,304,171,120.19
2016-08-15 17:01:37,A11,37.57233,-122.35048,308,175,120.19
2016-08-15 17:01:38,A11,37.57097,-122.34982,310,175,120.19
2016-08-15 17:01:39,A11,37.56963,-122.34917,316,175,120.19
2016-08-15 17:01:40,A11,37.56836,-122.34848999999998,316,174,120.19
2016-08-15 17:01:41,A11,37.567029999999995,-122.34782,313,175,120.19
2016-08-15 17:01:42,A11,37.56576,-122.34714,309,174,120.19
2016-08-15 17:01:43,A11,37.56447,-122.34648999999999,311,175,120.19
2016-08-15 17:01:44,A11,37.5632,-122.3458,309,173,120.19
2016-08-15 17:01:45,A11,37.56191,-122.34511,310,174,120.19
2016-08-15 17:01:46,A11,37.56068,-122.34445,308,173,120.19
2016-08-15 17:01:48,A11,37.55812,-122.34308999999999,308,174,120.19
2016-08-15 17:01:50,A11,37.55563,-122.3417,308,173,120.19
2016-08-15 17:01:51,A11,37.55435,-122.34101000000001,310,173,120.19
2016-08-15 17:01:52,A11,37.553059999999995,-122.34034,310,174,120.19
2016-08-15 17:01:53,A11,37.551790000000004,-122.33966000000001,310,173,120.19
2016-08-15 17:01:54,A11,37.550470000000004,-122.33896999999999,310,174,120.19
2016-08-15 17:01:55,A11,37.54919,-122.33831,311,174,120.19
2016-08-15 17:01:56,A11,37.5479,-122.33766000000001,311,175,120.19
2016-08-15 17:01:57,A11,37.5466,-122.33698000000001,309,174,120.19
2016-08-15 17:01:58,A11,37.545359999999995,-122.33633,306,174,120.13
2016-08-15 17:01:59,A11,37.54408,-122.33568999999999,307,175,120.13
2016-08-15 17:02:00,A11,37.54284000000001,-122.33503,303,174,120.13
2016-08-15 17:02:01,A11,37.54153,-122.33431000000002,306,173,120.13
2016-08-15 17:02:02,A11,37.540279999999996,-122.33367,309,174,120.13
2016-08-15 17:02:03,A11,37.539,-122.333,313,174,120.19
2016-08-15 17:02:04,A11,37.53771,-122.33227,310,172,120.19
2016-08-15 17:02:05,A11,37.53641,-122.33158,312,174,120.19
2016-08-15 17:02:06,A11,37.53515,-122.33091,312,174,120.19
2016-08-15 17:02:07,A11,37.53386,-122.33023,312,174,120.19
2016-08-15 17:02:08,A11,37.53259,-122.32954,312,173,120.19
2016-08-15 17:02:09,A11,37.53129000000001,-122.32886,313,174,120.19
2016-08-15 17:02:10,A11,37.52998,-122.32816000000001,313,174,120.19
2016-08-15 17:02:11,A11,37.52869000000001,-122.32749,313,174,120.19
2016-08-15 17:02:12,A11,37.5274,-122.32678999999999,314,173,120.19
2016-08-15 17:02:13,A11,37.52612,-122.32609,314,173,120.19
2016-08-15 17:02:14,A11,37.524809999999995,-122.3254,315,174,120.19
2016-08-15 17:02:15,A11,37.52348,-122.32473999999999,314,175,120.19
2016-08-15 17:02:16,A11,37.52218,-122.32408000000001,314,175,120.19
2016-08-15 17:02:17,A11,37.52088,-122.32342,314,175,120.19
2016-08-15 17:02:19,A11,37.51833,-122.32212,314,174,120.19
2016-08-15 17:02:20,A11,37.51702,-122.32144,313,174,120.44
2016-08-15 17:02:21,A11,37.51569,-122.32075,313,174,120.56
2016-08-15 17:02:22,A11,37.51441,-122.32008,313,174,120.63
2016-08-15 17:02:23,A11,37.51311,-122.31942,313,175,120.69
2016-08-15 17:02:24,A11,37.511829999999996,-122.31878,311,175,120.75
2016-08-15 17:02:25,A11,37.51052,-122.31811,313,174,120.75
2016-08-15 17:02:26,A11,37.50923,-122.31743999999999,313,174,120.81
2016-08-15 17:02:27,A11,37.50792,-122.31675,314,174,120.75
2016-08-15 17:02:29,A11,37.505340000000004,-122.31541000000001,312,174,120.88
2016-08-15 17:02:30,A11,37.50404,-122.31473999999999,312,174,120.94
2016-08-15 17:02:31,A11,37.50275,-122.31407,312,174,120.94
2016-08-15 17:02:32,A11,37.501459999999994,-122.31341,312,174,121.0
2016-08-15 17:02:33,A11,37.50016,-122.31273999999999,312,174,121.13
2016-08-15 17:02:35,A11,37.49758,-122.3114,312,174,121.19
2016-08-15 17:02:36,A11,37.49628,-122.31073,312,174,121.25
2016-08-15 17:02:37,A11,37.49499,-122.31006000000001,312,174,121.31
2016-08-15 17:02:38,A11,37.4937,-122.30939,312,174,121.38
2016-08-15 17:02:39,A11,37.4924,-122.30872,312,174,121.44
2016-08-15 17:02:40,A11,37.49111,-122.30805,312,174,121.44
2016-08-15 17:02:41,A11,37.48982,-122.30738000000001,312,174,121.5
2016-08-15 17:02:42,A11,37.48852,-122.30671000000001,312,174,121.56
2016-08-15 17:02:43,A11,37.48723,-122.30605,312,174,121.63
2016-08-15 17:02:44,A11,37.48594,-122.30538,312,174,121.69
2016-08-15 17:02:45,A11,37.48465,-122.30471000000001,312,174,121.75
2016-08-15 17:02:46,A11,37.48335,-122.30403999999999,312,174,121.81
2016-08-15 17:02:47,A11,37.48206,-122.30337,312,174,121.88
2016-08-15 17:02:48,A11,37.48077,-122.3027,312,174,121.94
2016-08-15 17:02:49,A11,37.47947,-122.30203,312,174,121.94
2016-08-15 17:02:50,A11,37.47818,-122.30136,312,174,122.0
2016-08-15 17:02:51,A11,37.476890000000004,-122.30068999999999,312,174,122.06
2016-08-15 17:02:52,A11,37.475590000000004,-122.30003,312,175,122.13
2016-08-15 17:02:53,A11,37.4743,-122.29936000000001,312,174,122.19
2016-08-15 17:02:54,A11,37.473009999999995,-122.29869,312,174,122.25
2016-08-15 17:02:55,A11,37.471709999999995,-122.29802,312,174,122.31
2016-08-15 17:02:56,A11,37.470420000000004,-122.29735,312,174,122.31
2016-08-15 17:02:57,A11,37.46913,-122.29668000000001,312,174,122.44
2016-08-15 17:00:00,A12,37.552,-122.21195,180,314,25.56
2016-08-15 17:00:01,A12,37.55224000000001,-122.21278999999998,180,306,26.56
2016-08-15 17:00:02,A12,37.55262000000001,-122.21368000000001,179,315,26.44
2016-08-15 17:00:03,A12,37.55299,-122.21458,179,314,26.25
2016-08-15 17:00:04,A12,37.55336,-122.21548,179,314,26.13
2016-08-15 17:00:05,A12,37.55374000000001,-122.21637,178,315,26.0
2016-08-15 17:00:06,A12,37.55415,-122.21696000000001,178,328,25.81
2016-08-15 17:00:07,A12,37.554520000000004,-122.21784,177,314,25.63
2016-08-15 17:00:09,A12,37.555279999999996,-122.2196,172,315,25.31
2016-08-15 17:00:10,A12,37.55565,-122.22048000000001,177,314,25.19
2016-08-15 17:00:11,A12,37.55601,-122.22128000000001,176,316,24.75
2016-08-15 17:00:12,A12,37.55639,-122.22216,176,315,24.56
2016-08-15 17:00:13,A12,37.55676,-122.22303000000001,172,315,24.44
2016-08-15 17:00:14,A12,37.557140000000004,-122.22391,176,315,24.25
2016-08-15 17:00:15,A12,37.557359999999996,-122.22475,174,305,24.56
2016-08-15 17:00:16,A12,37.55773,-122.22561999999999,174,315,24.44
2016-08-15 17:00:17,A12,37.55809,-122.22648999999998,174,314,24.38
2016-08-15 17:00:18,A12,37.55845,-122.22736,174,314,24.19
2016-08-15 17:00:19,A12,37.558820000000004,-122.22823999999999,174,314,24.06
2016-08-15 17:00:20,A12,37.5592,-122.22907,174,316,23.88
2016-08-15 17:00:21,A12,37.55956,-122.22993999999998,174,314,23.75
2016-08-15 17:00:22,A12,37.55993,-122.23081,172,315,23.56
2016-08-15 17:00:23,A12,37.56029,-122.23168000000001,174,314,23.44
2016-08-15 17:00:24,A12,37.56064,-122.23248000000001,174,315,23.06
2016-08-15 17:00:25,A12,37.561,-122.23335,173,314,22.88
2016-08-15 17:00:26,A12,37.56136,-122.23422,173,314,22.75
2016-08-15 17:00:27,A12,37.56172,-122.23508000000001,174,314,22.56
2016-08-15 17:00:28,A12,37.56209000000001,-122.23595,174,315,22.44
2016-08-15 17:00:29,A12,37.562459999999994,-122.23693,175,312,22.63
2016-08-15 17:00:30,A12,37.56282,-122.2378,175,314,22.5
2016-08-15 17:00:31,A12,37.563179999999996,-122.23868,175,314,22.38
2016-08-15 17:00:32,A12,37.56355,-122.23955,174,315,22.25
2016-08-15 17:00:33,A12,37.56391,-122.24042,174,314,22.13
2016-08-15 17:00:34,A12,37.56432,-122.24118,174,321,21.88
2016-08-15 17:00:36,A12,37.56505,-122.24291000000001,174,314,21.63
2016-08-15 17:00:37,A12,37.56542,-122.24378,174,315,21.5
2016-08-15 17:00:38,A12,37.565870000000004,-122.24468999999999,175,318,21.0
2016-08-15 17:00:39,A12,37.56624,-122.24556000000001,175,315,20.88
2016-08-15 17:00:40,A12,37.56661,-122.24643,175,315,20.69
2016-08-15 17:00:41,A12,37.567190000000004,-122.24707,175,335,20.75
2016-08-15 17:00:42,A12,37.56757,-122.24793999999999,175,315,20.69
2016-08-15 17:00:43,A12,37.56794,-122.24881,176,315,20.56
2016-08-15 17:00:44,A12,37.56832,-122.2497,179,315,20.44
2016-08-15 17:00:45,A12,37.5687,-122.25061000000001,182,314,20.25
2016-08-15 17:00:46,A12,37.56909,-122.25153,183,315,20.06
2016-08-15 17:00:47,A12,37.56947,-122.25249,183,313,19.94
2016-08-15 17:00:49,A12,37.57023,-122.25431,185,314,19.56
2016-08-15 17:00:50,A12,37.5706,-122.25522,185,314,19.44
2016-08-15 17:00:51,A12,37.571,-122.25615,184,315,19.25
2016-08-15 17:00:52,A12,37.57138,-122.25708,186,314,19.0
2016-08-15 17:00:53,A12,37.57178,-122.258,186,315,18.81
2016-08-15 17:00:54,A12,37.57217,-122.25894,186,314,18.69
2016-08-15 17:00:55,A12,37.57255,-122.25986999999999,187,314,18.5
2016-08-15 17:00:56,A12,37.572959999999995,-122.2608,186,316,18.31
2016-08-15 17:00:57,A12,37.57335,-122.26173,185,314,18.13
2016-08-15 17:00:58,A12,37.57373,-122.26263999999999,184,314,17.94
2016-08-15 17:00:59,A12,37.57412,-122.26356000000001,184,315,17.81
2016-08-15 17:01:00,A12,37.5745,-122.26445,182,315,17.69
2016-08-15 17:01:01,A12,37.57489,-122.26536999999999,181,315,17.5
2016-08-15 17:01:02,A12,37.57527,-122.26626,179,315,17.19
2016-08-15 17:01:03,A12,37.57565,-122.26715,179,315,17.0
2016-08-15 17:01:04,A12,37.576029999999996,-122.26805,178,315,16.88
2016-08-15 17:01:06,A12,37.57678,-122.26981,177,315,16.63
2016-08-15 17:01:07,A12,37.57716,-122.27068,176,315,16.44
2016-08-15 17:01:08,A12,37.577529999999996,-122.27156000000001,174,314,16.25
2016-08-15 17:01:09,A12,37.577890000000004,-122.2724,171,315,16.13
2016-08-15 17:01:10,A12,37.57825,-122.27323999999999,168,315,16.0
2016-08-15 17:01:11,A12,37.578559999999996,-122.27403999999999,167,313,15.75
2016-08-15 17:01:12,A12,37.5789,-122.27486999999999,165,314,15.56
2016-08-15 17:01:13,A12,37.57924000000001,-122.2757,165,314,15.44
2016-08-15 17:01:14,A12,37.57955,-122.27654,165,311,15.19
2016-08-15 17:01:15,A12,37.579879999999996,-122.27736999999999,165,313,15.0
2016-08-15 17:01:16,A12,37.580220000000004,-122.27819,165,314,14.81
2016-08-15 17:01:17,A12,37.58058,-122.27901999999999,165,315,14.69
2016-08-15 17:01:18,A12,37.58092,-122.27986000000001,164,314,14.5
2016-08-15 17:01:19,A12,37.58127,-122.28063,163,316,14.38
2016-08-15 17:01:20,A12,37.58161,-122.28143999999999,160,314,14.38
2016-08-15 17:01:21,A12,37.581959999999995,-122.28223,159,316,14.19
2016-08-15 17:01:22,A12,37.5823,-122.28301,159,315,14.13
2016-08-15 17:01:23,A12,37.58265,-122.2838,158,316,14.0
2016-08-15 17:01:24,A12,37.58299,-122.28457,156,316,13.94
2016-08-15 17:01:25,A12,37.58331,-122.28533,154,314,13.75
2016-08-15 17:01:26,A12,37.58363,-122.2861,152,314,13.56
2016-08-15 17:01:28,A12,37.58425,-122.28761999999999,151,314,13.25
2016-08-15 17:01:29,A12,37.58455,-122.28838,152,313,13.13
2016-08-15 17:01:30,A12,37.58487,-122.28911000000001,150,315,12.94
2016-08-15 17:01:31,A12,37.58518,-122.28988999999999,149,313,12.81
2016-08-15 17:01:32,A12,37.58547,-122.2906,148,314,12.69
2016-08-15 17:01:33,A12,37.58578,-122.29135,148,314,12.63
2016-08-15 17:01:34,A12,37.586079999999995,-122.29208,146,314,12.56
2016-08-15 17:01:35,A12,37.58641,-122.29281,147,316,12.44
2016-08-15 17:01:36,A12,37.58672,-122.29353,145,315,12.25
2016-08-15 17:01:37,A12,37.58705,-122.29423999999999,145,317,12.19
2016-08-15 17:01:38,A12,37.58735,-122.29496,144,314,12.06
2016-08-15 17:01:39,A12,37.58765,-122.29568,144,314,11.94
2016-08-15 17:01:40,A12,37.58794,-122.2964,144,313,11.75
2016-08-15 17:01:41,A12,37.58824,-122.29711999999999,144,314,11.63
2016-08-15 17:01:42,A12,37.588570000000004,-122.29784,143,317,11.44
2016-08-15 17:01:43,A12,37.58887,-122.29853,144,315,11.38
2016-08-15 17:01:44,A12,37.58915,-122.29926,143,312,11.31
2016-08-15 17:01:45,A12,37.58944,-122.29999,143,313,11.19
2016-08-15 17:01:46,A12,37.58976,-122.30068,144,317,10.94
2016-08-15 17:01:48,A12,37.59035,-122.30215,145,313,10.69
2016-08-15 17:01:50,A12,37.590959999999995,-122.30358999999999,145,315,10.38
2016-08-15 17:01:51,A12,37.59127,-122.30431999999999,145,315,10.31
2016-08-15 17:01:52,A12,37.591570000000004,-122.30503999999999,145,314,10.19
2016-08-15 17:01:53,A12,37.59187,-122.30577,145,314,10.06
2016-08-15 17:01:54,A12,37.59218,-122.30649,145,315,9.88
2016-08-15 17:01:55,A12,37.59249000000001,-122.3072,145,315,9.81
2016-08-15 17:01:56,A12,37.59281,-122.30793,146,315,9.63
2016-08-15 17:01:57,A12,37.593109999999996,-122.30866,145,314,9.56
2016-08-15 17:01:58,A12,37.59342,-122.30939,146,315,9.38
2016-08-15 17:01:59,A12,37.59373,-122.3101,145,315,9.31
2016-08-15 17:02:00,A12,37.59404,-122.31081999999999,144,315,9.13
2016-08-15 17:02:01,A12,37.59435,-122.31153,144,315,9.06
2016-08-15 17:02:02,A12,37.59466,-122.31225,144,315,8.88
2016-08-15 17:02:03,A12,37.59497,-122.31296,143,315,8.81
2016-08-15 17:02:04,A12,37.595279999999995,-122.31366000000001,143,316,8.69
2016-08-15 17:02:05,A12,37.59559,-122.31437,142,315,8.5
2016-08-15 17:02:06,A12,37.59588,-122.31506999999999,141,314,8.44
2016-08-15 17:02:07,A12,37.59616,-122.31578,140,313,8.38
2016-08-15 17:02:08,A12,37.59645,-122.31648,140,314,8.19
2016-08-15 17:02:09,A12,37.596740000000004,-122.31719,141,314,8.06
2016-08-15 17:02:10,A12,37.59704,-122.3179,142,315,7.94
2016-08-15 17:02:11,A12,37.59735,-122.3186,142,316,7.81
2016-08-15 17:02:12,A12,37.59763,-122.31931999999999,142,313,7.63
2016-08-15 17:02:13,A12,37.59791,-122.32003999999999,142,313,7.56
2016-08-15 17:02:14,A12,37.5982,-122.32076,142,313,7.38
2016-08-15 17:02:15,A12,37.5985,-122.32146000000002,143,315,7.31
2016-08-15 17:02:16,A12,37.5988,-122.32218,143,314,7.19
2016-08-15 17:02:17,A12,37.599090000000004,-122.3229,143,313,7.06
2016-08-15 17:02:19,A12,37.599709999999995,-122.32433,143,315,6.81
2016-08-15 17:02:20,A12,37.60001,-122.32503,142,315,6.63
2016-08-15 17:02:21,A12,37.60033,-122.32573000000001,143,316,6.5
2016-08-15 17:02:22,A12,37.600629999999995,-122.32643,142,315,6.38
2016-08-15 17:02:23,A12,37.60093,-122.32715,143,314,6.25
2016-08-15 17:02:24,A12,37.60122,-122.32786999999999,143,313,6.13
2016-08-15 17:02:25,A12,37.60152,-122.32858,144,315,6.0
2016-08-15 17:02:26,A12,37.60183,-122.3293,144,315,5.81
2016-08-15 17:02:27,A12,37.60214000000001,-122.33003000000001,145,315,5.75
2016-08-15 17:02:28,A12,37.60244,-122.33076000000001,145,314,5.63
2016-08-15 17:02:29,A12,37.602740000000004,-122.33148999999999,145,314,5.56
2016-08-15 17:02:31,A12,37.60334,-122.33292,144,314,5.38
2016-08-15 17:02:32,A12,37.603629999999995,-122.33365,144,313,5.31
2016-08-15 17:02:33,A12,37.60393,-122.33436,143,315,5.13
2016-08-15 17:02:35,A12,37.60453,-122.33578999999999,144,314,4.88
2016-08-15 17:02:36,A12,37.604820000000004,-122.33651,143,313,4.69
2016-08-15 17:02:38,A12,37.60542,-122.33798,143,314,4.38
2016-08-15 17:02:39,A12,37.60572,-122.33868000000001,142,315,4.31
2016-08-15 17:02:40,A12,37.60603,-122.33939,141,315,4.19
2016-08-15 17:02:41,A12,37.606320000000004,-122.34008,140,314,4.06
2016-08-15 17:02:42,A12,37.60662,-122.34071000000002,140,318,3.88
2016-08-15 17:02:43,A12,37.60693,-122.3414,140,316,3.75
2016-08-15 17:02:44,A12,37.607209999999995,-122.34211,141,313,3.63
2016-08-15 17:02:45,A12,37.60749000000001,-122.34286000000002,141,312,3.56
2016-08-15 17:02:46,A12,37.60778,-122.34358,141,313,3.5
2016-08-15 17:02:47,A12,37.60808,-122.34427,142,315,3.38
2016-08-15 17:02:48,A12,37.60838,-122.34496999999999,142,315,3.31
2016-08-15 17:02:50,A12,37.608959999999996,-122.34638999999999,142,314,3.0
2016-08-15 17:02:51,A12,37.60925,-122.34711999999999,142,313,2.81
2016-08-15 17:02:52,A12,37.609559999999995,-122.34783,142,315,2.75
2016-08-15 17:02:53,A12,37.60986,-122.34853000000001,143,315,2.56
2016-08-15 17:02:54,A12,37.610170000000004,-122.34923,143,316,2.5
2016-08-15 17:02:55,A12,37.610479999999995,-122.34993999999999,143,315,2.38
2016-08-15 17:02:56,A12,37.61079,-122.35066,143,315,2.31
2016-08-15 17:02:57,A12,37.6111,-122.35136999999999,143,315,2.19
2016-08-15 17:02:58,A12,37.61141,-122.35208,143,315,1.94
2016-08-15 17:02:59,A12,37.61172,-122.35278999999998,143,315,1.81
2016-08-15 17:03:00,A12,37.61201,-122.3535,142,314,1.63
2016-08-15 17:03:01,A12,37.6123,-122.35421000000001,141,314,1.5
2016-08-15 17:03:02,A12,37.61258,-122.35491,140,313,1.44
2016-08-15 17:03:03,A12,37.61286,-122.35562,138,313,1.31
2016-08-15 17:03:04,A12,37.61314,-122.35627,138,315,1.25
2016-08-15 17:03:05,A12,37.613409999999995,-122.35696000000002,140,313,1.06
2016-08-15 17:03:06,A12,37.6137,-122.35768,139,313,1.06
2016-08-15 17:03:07,A12,37.61403,-122.35838999999999,141,317,0.94
2016-08-15 17:03:08,A12,37.614329999999995,-122.35906999999999,142,316,0.81
2016-08-15 17:03:09,A12,37.6146,-122.3598,142,312,0.69
2016-08-15 17:03:11,A12,37.61517,-122.3612,141,314,0.44
2016-08-15 17:03:12,A12,37.61547,-122.36192,141,314,0.31
2016-08-15 17:03:13,A12,37.61577,-122.36261999999999,140,315,0.31
2016-08-15 17:03:14,A12,37.61606,-122.36332,139,314,0.31
2016-08-15 17:03:15,A12,37.61636,-122.364,138,316,0.38
2016-08-15 17:03:16,A12,37.616659999999996,-122.36468,136,316,0.38
2016-08-15 17:03:17,A12,37.61694,-122.36533,134,315,0.44
2016-08-15 17:03:18,A12,37.61722,-122.36599,129,315,0.5
2016-08-15 17:03:19,A12,37.6175,-122.36658999999999,126,317,0.5
2016-08-15 17:03:20,A12,37.61776,-122.3672,120,315,0.5
2016-08-15 17:03:21,A12,37.61799,-122.36778000000001,116,313,0.44
2016-08-15 17:03:22,A12,37.61822,-122.36833,111,314,0.44
2016-08-15 17:03:23,A12,37.61846,-122.36886000000001,108,316,0.38
2016-08-15 17:03:24,A12,37.61868,-122.3694,106,314,0.38
2016-08-15 17:03:25,A12,37.6189,-122.36991,102,315,0.38
2016-08-15 17:03:26,A12,37.6191,-122.37038000000001,96,315,0.44
2016-08-15 17:03:27,A12,37.619279999999996,-122.37085,92,312,0.38
2016-08-15 17:03:28,A12,37.619479999999996,-122.37128,88,317,0.0
2016-08-15 17:03:29,A12,37.619659999999996,-122.3717,84,315,0.0
2016-08-15 17:03:31,A12,37.61999,-122.37251,78,314,0.0
2016-08-15 17:03:32,A12,37.620129999999996,-122.37285,72,314,0.13
2016-08-15 17:03:33,A12,37.62024,-122.37321000000001,67,308,0.13
2016-08-15 17:03:34,A12,37.62039,-122.37352,64,318,0.13
2016-08-15 17:03:35,A12,37.62053,-122.37381,60,318,0.13
2016-08-15 17:03:36,A12,37.62065,-122.37408,57,316,0.13
2016-08-15 17:03:37,A12,37.620709999999995,-122.37438,53,301,0.13
2016-08-15 17:03:38,A12,37.62083,-122.37461,48,320,0.06
2016-08-15 17:03:39,A12,37.62093,-122.3748,43,320,0.06
2016-08-15 17:03:40,A12,37.62101,-122.37499,39,315,0.06
2016-08-15 17:03:41,A12,37.6211,-122.37518,37,317,0.06
2016-08-15 17:03:42,A12,37.62115,-122.37534,34,308,0.06
2016-08-15 17:03:43,A12,37.62124,-122.3755,30,322,0.13
2016-08-15 17:03:45,A12,37.62131,-122.37578,27,304,0.13
2016-08-15 17:03:46,A12,37.621340000000004,-122.37591,24,303,0.13
2016-08-15 17:03:47,A12,37.62138,-122.37603,23,309,0.13
2016-08-15 17:03:48,A12,37.6214,-122.37615,23,298,0.13
2016-08-15 17:03:49,A12,37.62139000000001,-122.37626000000002,23,280,0.06
2016-08-15 17:03:50,A12,37.62141,-122.3764,22,297,0.06
2016-08-15 17:03:51,A12,37.62141,-122.37653999999999,22,287,0.06
2016-08-15 17:03:52,A12,37.62138,-122.37663,22,264,0.13
2016-08-15 17:03:54,A12,37.6213,-122.37687,19,264,0.13
2016-08-15 17:03:55,A12,37.62129,-122.37696000000001,17,279,0.13
2016-08-15 17:03:56,A12,37.62125,-122.37703,16,251,0.06
2016-08-15 17:03:57,A12,37.62122,-122.37711999999999,16,264,0.13
2016-08-15 17:03:58,A12,37.621179999999995,-122.37715,17,227,0.13
2016-08-15 17:03:59,A12,37.621109999999994,-122.37723000000001,18,239,0.13
2016-08-15 17:04:01,A12,37.62101,-122.37738999999999,18,248,0.13
2016-08-15 17:04:02,A12,37.62096,-122.37747,18,248,0.13
2016-08-15 17:04:03,A12,37.6209,-122.37754,17,239,0.06
2016-08-15 17:04:04,A12,37.62086,-122.37758999999998,15,241,0.13
2016-08-15 17:04:05,A12,37.62082,-122.37765,15,246,0.13
2016-08-15 17:04:06,A12,37.620779999999996,-122.37771000000001,14,246,0.06
2016-08-15 17:04:07,A12,37.62074000000001,-122.37778999999999,15,254,0.06
2016-08-15 17:04:08,A12,37.62069,-122.37785,16,240,0.06
2016-08-15 17:04:09,A12,37.62064,-122.37794,16,251,0.06
2016-08-15 17:04:10,A12,37.6206,-122.37801999999999,15,254,0.06
2016-08-15 17:04:11,A12,37.62055,-122.37807,16,235,0.06
2016-08-15 17:04:12,A12,37.620509999999996,-122.37813,16,246,0.06
2016-08-15 17:04:13,A12,37.620459999999994,-122.3782,15,244,0.06
2016-08-15 17:04:14,A12,37.6204,-122.37827,15,239,0.06
2016-08-15 17:04:15,A12,37.62036,-122.37833,15,246,0.06
2016-08-15 17:04:16,A12,37.62032,-122.37839,14,246,0.06
2016-08-15 17:04:17,A12,37.62028,-122.37845,13,246,0.06
2016-08-15 17:04:18,A12,37.62024,-122.3785,13,241,0.06
2016-08-15 17:04:19,A12,37.6202,-122.37855,13,241,0.06
2016-08-15 17:04:20,A12,37.62016,-122.37861000000001,13,246,0.06
2016-08-15 17:04:21,A12,37.62011,-122.37867,14,240,0.06
2016-08-15 17:04:22,A12,37.62007,-122.37872,15,241,0.06
2016-08-15 17:04:23,A12,37.62003,-122.37879,15,251,0.06
2016-08-15 17:04:24,A12,37.61999,-122.37886,15,251,0.06
2016-08-15 17:04:25,A12,37.61995,-122.37892,15,246,0.06
2016-08-15 17:04:27,A12,37.619859999999996,-122.37903999999999,13,243,0.06
2016-08-15 17:04:28,A12,37.61983,-122.37908999999999,12,249,0.06
2016-08-15 17:04:29,A12,37.61979,-122.37913,12,235,0.06
2016-08-15 17:04:30,A12,37.61977,-122.37917,12,254,0.06
2016-08-15 17:04:31,A12,37.61973,-122.37921999999999,11,241,0.06
2016-08-15 17:04:32,A12,37.61969000000001,-122.37926999999999,10,241,0.06
2016-08-15 17:04:33,A12,37.619659999999996,-122.37931,10,243,0.06
2016-08-15 17:04:35,A12,37.61963,-122.37931999999999,8,211,0.06
2016-08-15 17:04:36,A12,37.61963,-122.37937,7,287,0.06
2016-08-15 17:04:38,A12,37.61959,-122.37942,5,241,0.06
2016-08-15 17:04:39,A12,37.61957,-122.37943,5,218,0.06
2016-08-15 17:04:41,A12,37.61954,-122.37945,4,224,0.06
2016-08-15 17:04:43,A12,37.61954,-122.37948999999999,4,287,0.06
2016-08-15 17:04:44,A12,37.61953,-122.3795,4,235,0.06
2016-08-15 17:04:45,A12,37.61952,-122.37952,4,254,0.06
2016-08-15 17:04:46,A12,37.6195,-122.37953999999999,4,235,0.06
2016-08-15 17:04:47,A12,37.619479999999996,-122.37955,4,218,0.06
2016-08-15 17:04:50,A12,37.61947,-122.37956000000001,3,235,0.06
2016-08-15 17:04:51,A12,37.61946,-122.37957,3,235,0.06
2016-08-15 17:04:52,A12,37.61945,-122.37957,3,197,0.06
2016-08-15 17:04:53,A12,37.619440000000004,-122.37958,3,235,0.06
2016-08-15 17:04:54,A12,37.61942,-122.37958,4,197,0.06
2016-08-15 17:04:55,A12,37.61939,-122.37959,4,211,0.06
2016-08-15 17:04:56,A12,37.61937,-122.37958,4,175,0.06
2016-08-15 17:04:57,A12,37.61936,-122.37958,5,197,0.06
2016-08-15 17:04:59,A12,37.61935,-122.37958,4,197,0.06
2016-08-15 17:05:00,A12,37.61932,-122.37957,5,182,0.06
